source,id
metadata-1.csv,277
metadata-1.csv,320
metadata-1.csv,338
metadata-1.csv,351
metadata-1.csv,433
metadata-1.csv,473
metadata.csv,43
metadata.csv,194
metadata.csv,201
metadata.csv,210
metadata.csv,225
metadata.csv,338
metadata.csv,352
metadata.csv,363
metadata.csv,484
metadata.csv,495
metadata-3.csv,6
metadata-3.csv,49
metadata-3.csv,55
metadata-3.csv,77
metadata-3.csv,154
metadata-3.csv,163
metadata-3.csv,177
metadata-3.csv,188
metadata-3.csv,274
metadata-3.csv,328
metadata-3.csv,392
metadata-3.csv,404
metadata-3.csv,407
metadata-3.csv,423
metadata-3.csv,430
metadata-3.csv,445
metadata-3.csv,451
metadata-3.csv,468
metadata-4.csv,3
metadata-4.csv,9
